index,id_distr_bank,year,newid,baseline_PSU,dummy_settl_0,dummy_settl_11,dummy_settl_2,dummy_settl_3,dummy_settl_1,dummy_settl_12,dummy_settl_4,dummy_settl_5,dummy_settl_13,dummy_settl_21,dummy_settl_22,dummy_settl_23,dummy_settl_255
0.0,204.0,2015.0,3185.0,473.0,0.99865271575562,0.0006519117311516021,2.1730391038386737e-05,0.0006736421221899888,0.0,0.0,0.0,0.0,0.0,0.0,0.0,0.0,0.0
1.0,203.0,2015.0,3185.0,472.0,0.99865271575562,0.0006519117311516021,2.1730391038386737e-05,0.0006736421221899888,0.0,0.0,0.0,0.0,0.0,0.0,0.0,0.0,0.0
2.0,206.0,2015.0,3186.0,475.0,1.0,0.0,0.0,0.0,0.0,0.0,0.0,0.0,0.0,0.0,0.0,0.0,0.0
3.0,141.0,2015.0,3189.0,582.0,0.9926711551934102,0.002848878634783912,0.0006432373772876883,0.003062693844690126,1.7320226500782695e-05,0.0005440940118004495,4.777993517457295e-06,0.00020784271800939233,0.0,0.0,0.0,0.0,0.0
4.0,140.0,2015.0,3191.0,567.0,0.9756596360248371,0.007047804686685913,0.0039668266490134425,0.008690290113581337,0.00011008746927542095,0.0027906805685809382,7.35551019657601e-07,0.0007166718768197226,0.0006666544074830057,0.0002069350201970051,6.86514285013761e-05,7.502620400507531e-05,0.0
5.0,242.0,2015.0,3192.0,344.0,0.9893267651888341,0.00535077288941736,0.0005945303210463733,0.0046807466545873205,0.0,0.0,0.0,4.718494611479154e-05,0.0,0.0,0.0,0.0,0.0
6.0,241.0,2015.0,3193.0,341.0,0.9893267651888341,0.00535077288941736,0.0005945303210463733,0.0046807466545873205,0.0,0.0,0.0,4.718494611479154e-05,0.0,0.0,0.0,0.0,0.0
7.0,237.0,2015.0,3193.0,228.0,0.9893267651888341,0.00535077288941736,0.0005945303210463733,0.0046807466545873205,0.0,0.0,0.0,4.718494611479154e-05,0.0,0.0,0.0,0.0,0.0
8.0,238.0,2015.0,3193.0,249.0,0.9893267651888341,0.00535077288941736,0.0005945303210463733,0.0046807466545873205,0.0,0.0,0.0,4.718494611479154e-05,0.0,0.0,0.0,0.0,0.0
9.0,7.0,2015.0,3196.0,382.0,0.9922842301791227,0.003645303806126033,0.0002107325729707747,0.003807974564208736,0.0,0.0,5.175887757176923e-05,0.0,0.0,0.0,0.0,0.0,0.0
10.0,5.0,2015.0,3196.0,380.0,0.9922842301791227,0.003645303806126033,0.0002107325729707747,0.003807974564208736,0.0,0.0,5.175887757176923e-05,0.0,0.0,0.0,0.0,0.0,0.0
11.0,3.0,2015.0,3196.0,257.0,0.9922842301791227,0.003645303806126033,0.0002107325729707747,0.003807974564208736,0.0,0.0,5.175887757176923e-05,0.0,0.0,0.0,0.0,0.0,0.0
12.0,6.0,2015.0,3204.0,381.0,0.9944289459249364,0.0028452589673611276,0.00017162413641090183,0.002328703968555766,0.0,0.0,5.047768717967701e-06,0.00022041923401792295,0.0,0.0,0.0,0.0,0.0
13.0,8.0,2015.0,3204.0,383.0,0.9944289459249364,0.0028452589673611276,0.00017162413641090183,0.002328703968555766,0.0,0.0,5.047768717967701e-06,0.00022041923401792295,0.0,0.0,0.0,0.0,0.0
14.0,2.0,2015.0,3204.0,253.0,0.9944289459249364,0.0028452589673611276,0.00017162413641090183,0.002328703968555766,0.0,0.0,5.047768717967701e-06,0.00022041923401792295,0.0,0.0,0.0,0.0,0.0
15.0,4.0,2015.0,3204.0,378.0,0.9944289459249364,0.0028452589673611276,0.00017162413641090183,0.002328703968555766,0.0,0.0,5.047768717967701e-06,0.00022041923401792295,0.0,0.0,0.0,0.0,0.0
16.0,58.0,2015.0,3209.0,312.0,0.9822921497677395,0.008499272093271264,0.0034944483161421687,0.004640250389994321,0.0004017747531689364,0.0,0.0,0.00019592719444658008,0.0,0.0004761774852372579,0.0,0.0,0.0
17.0,57.0,2015.0,3209.0,311.0,0.9822921497677395,0.008499272093271264,0.0034944483161421687,0.004640250389994321,0.0004017747531689364,0.0,0.0,0.00019592719444658008,0.0,0.0004761774852372579,0.0,0.0,0.0
18.0,62.0,2015.0,3211.0,316.0,0.9822921497677395,0.008499272093271264,0.0034944483161421687,0.004640250389994321,0.0004017747531689364,0.0,0.0,0.00019592719444658008,0.0,0.0004761774852372579,0.0,0.0,0.0
19.0,61.0,2015.0,3211.0,315.0,0.9822921497677395,0.008499272093271264,0.0034944483161421687,0.004640250389994321,0.0004017747531689364,0.0,0.0,0.00019592719444658008,0.0,0.0004761774852372579,0.0,0.0,0.0
20.0,59.0,2015.0,3211.0,313.0,0.9822921497677395,0.008499272093271264,0.0034944483161421687,0.004640250389994321,0.0004017747531689364,0.0,0.0,0.00019592719444658008,0.0,0.0004761774852372579,0.0,0.0,0.0
21.0,60.0,2015.0,3211.0,314.0,0.9822921497677395,0.008499272093271264,0.0034944483161421687,0.004640250389994321,0.0004017747531689364,0.0,0.0,0.00019592719444658008,0.0,0.0004761774852372579,0.0,0.0,0.0
22.0,71.0,2015.0,3210.0,507.0,0.9798495891782344,0.008881807859942132,0.0029728112905785687,0.006006665934146431,0.0007813549182629503,0.0001770257236689497,0.0002869037590496771,0.0010438413361169101,0.0,0.0,0.0,0.0,0.0
23.0,112.0,2015.0,3219.0,159.0,0.9912303633814198,0.00420063217434703,0.00013665422915131782,0.004301637474154526,0.0,0.0,0.0,0.00013071274092734748,0.0,0.0,0.0,0.0,0.0
24.0,111.0,2015.0,3222.0,37.0,0.9912303633814198,0.00420063217434703,0.00013665422915131782,0.004301637474154526,0.0,0.0,0.0,0.00013071274092734748,0.0,0.0,0.0,0.0,0.0
25.0,114.0,2015.0,3220.0,161.0,0.9974413047694904,0.0011349051425647205,2.063463895572219e-05,0.001403155448989109,0.0,0.0,0.0,0.0,0.0,0.0,0.0,0.0,0.0
26.0,115.0,2015.0,3221.0,163.0,0.9956425094761719,0.002110845600935824,9.52977697939424e-06,0.0022109082592194637,0.0,0.0,0.0,2.620688669333416e-05,0.0,0.0,0.0,0.0,0.0
27.0,116.0,2015.0,3221.0,164.0,0.9956425094761719,0.002110845600935824,9.52977697939424e-06,0.0022109082592194637,0.0,0.0,0.0,2.620688669333416e-05,0.0,0.0,0.0,0.0,0.0
28.0,113.0,2015.0,3224.0,160.0,0.9947405468641564,0.0025479348839053794,0.0007881744096127535,0.00191342969880832,9.914143517141554e-06,0.0,0.0,0.0,0.0,0.0,0.0,0.0,0.0
29.0,220.0,2015.0,3232.0,17.0,0.9869365380560826,0.006412256658935976,0.00016585845807857194,0.005987771452667088,0.0,0.0,0.0,0.00039637360320472276,0.00010120177103099305,0.0,0.0,0.0,0.0
30.0,221.0,2015.0,3232.0,56.0,0.9869365380560826,0.006412256658935976,0.00016585845807857194,0.005987771452667088,0.0,0.0,0.0,0.00039637360320472276,0.00010120177103099305,0.0,0.0,0.0,0.0
31.0,69.0,2015.0,3232.0,145.0,0.9869365380560826,0.006412256658935976,0.00016585845807857194,0.005987771452667088,0.0,0.0,0.0,0.00039637360320472276,0.00010120177103099305,0.0,0.0,0.0,0.0
32.0,223.0,2015.0,3232.0,121.0,0.9869365380560826,0.006412256658935976,0.00016585845807857194,0.005987771452667088,0.0,0.0,0.0,0.00039637360320472276,0.00010120177103099305,0.0,0.0,0.0,0.0
33.0,222.0,2015.0,3232.0,57.0,0.9869365380560826,0.006412256658935976,0.00016585845807857194,0.005987771452667088,0.0,0.0,0.0,0.00039637360320472276,0.00010120177103099305,0.0,0.0,0.0,0.0
34.0,70.0,2015.0,3232.0,146.0,0.9869365380560826,0.006412256658935976,0.00016585845807857194,0.005987771452667088,0.0,0.0,0.0,0.00039637360320472276,0.00010120177103099305,0.0,0.0,0.0,0.0
35.0,55.0,2015.0,3234.0,83.0,0.9930053349140486,0.0033195020746887966,0.0,0.0036751630112625963,0.0,0.0,0.0,0.0,0.0,0.0,0.0,0.0,0.0
36.0,54.0,2015.0,3234.0,82.0,0.9930053349140486,0.0033195020746887966,0.0,0.0036751630112625963,0.0,0.0,0.0,0.0,0.0,0.0,0.0,0.0,0.0
37.0,52.0,2015.0,3234.0,26.0,0.9930053349140486,0.0033195020746887966,0.0,0.0036751630112625963,0.0,0.0,0.0,0.0,0.0,0.0,0.0,0.0,0.0
38.0,56.0,2015.0,3234.0,84.0,0.9930053349140486,0.0033195020746887966,0.0,0.0036751630112625963,0.0,0.0,0.0,0.0,0.0,0.0,0.0,0.0,0.0
39.0,53.0,2015.0,3234.0,80.0,0.9930053349140486,0.0033195020746887966,0.0,0.0036751630112625963,0.0,0.0,0.0,0.0,0.0,0.0,0.0,0.0,0.0
40.0,239.0,2015.0,3238.0,250.0,0.9766308389992826,0.010682480863023347,0.0013920792991555376,0.009807083478684402,0.00016454838051483897,0.0,0.0,0.0013229689793393053,0.0,0.0,0.0,0.0,0.0
41.0,240.0,2015.0,3238.0,251.0,0.9766308389992826,0.010682480863023347,0.0013920792991555376,0.009807083478684402,0.00016454838051483897,0.0,0.0,0.0013229689793393053,0.0,0.0,0.0,0.0,0.0
42.0,205.0,2015.0,3242.0,474.0,0.998810735889253,0.0006331334114768265,8.555856911849006e-06,0.0005475748423583364,0.0,0.0,0.0,0.0,0.0,0.0,0.0,0.0,0.0
43.0,202.0,2015.0,3242.0,471.0,0.998810735889253,0.0006331334114768265,8.555856911849006e-06,0.0005475748423583364,0.0,0.0,0.0,0.0,0.0,0.0,0.0,0.0,0.0
44.0,201.0,2015.0,3243.0,460.0,1.0,0.0,0.0,0.0,0.0,0.0,0.0,0.0,0.0,0.0,0.0,0.0,0.0
45.0,208.0,2015.0,3243.0,477.0,1.0,0.0,0.0,0.0,0.0,0.0,0.0,0.0,0.0,0.0,0.0,0.0,0.0
46.0,207.0,2015.0,3243.0,476.0,1.0,0.0,0.0,0.0,0.0,0.0,0.0,0.0,0.0,0.0,0.0,0.0,0.0
47.0,194.0,2015.0,3245.0,469.0,0.9955440476907328,0.002187832440135686,0.00010035928624475623,0.0021677605828867345,0.0,0.0,0.0,0.0,0.0,0.0,0.0,0.0,0.0
48.0,192.0,2015.0,3245.0,405.0,0.9955440476907328,0.002187832440135686,0.00010035928624475623,0.0021677605828867345,0.0,0.0,0.0,0.0,0.0,0.0,0.0,0.0,0.0
49.0,193.0,2015.0,3245.0,409.0,0.9955440476907328,0.002187832440135686,0.00010035928624475623,0.0021677605828867345,0.0,0.0,0.0,0.0,0.0,0.0,0.0,0.0,0.0
50.0,15.0,2015.0,11703.0,62.0,0.9677619058098802,0.014489536397987177,0.0023533655663243386,0.012584932145184332,0.00011099426944241646,0.001546264994990905,2.4878025909507136e-05,0.001106115305822702,0.0,0.0,2.200748445841016e-05,0.0,0.0
51.0,14.0,2015.0,11703.0,15.0,0.9677619058098802,0.014489536397987177,0.0023533655663243386,0.012584932145184332,0.00011099426944241646,0.001546264994990905,2.4878025909507136e-05,0.001106115305822702,0.0,0.0,2.200748445841016e-05,0.0,0.0
52.0,91.0,2015.0,11712.0,364.0,0.9985162185555113,0.0007212826466264581,1.37387170785992e-05,0.0007178479673568082,0.0,0.0,0.0,3.09121134268482e-05,0.0,0.0,0.0,0.0,0.0
53.0,156.0,2015.0,12369.0,435.0,1.0,0.0,0.0,0.0,0.0,0.0,0.0,0.0,0.0,0.0,0.0,0.0,0.0
54.0,161.0,2015.0,12369.0,501.0,1.0,0.0,0.0,0.0,0.0,0.0,0.0,0.0,0.0,0.0,0.0,0.0,0.0
55.0,158.0,2015.0,12370.0,496.0,1.0,0.0,0.0,0.0,0.0,0.0,0.0,0.0,0.0,0.0,0.0,0.0,0.0
56.0,160.0,2015.0,12370.0,500.0,1.0,0.0,0.0,0.0,0.0,0.0,0.0,0.0,0.0,0.0,0.0,0.0,0.0
57.0,159.0,2015.0,12371.0,497.0,1.0,0.0,0.0,0.0,0.0,0.0,0.0,0.0,0.0,0.0,0.0,0.0,0.0
58.0,157.0,2015.0,12371.0,495.0,1.0,0.0,0.0,0.0,0.0,0.0,0.0,0.0,0.0,0.0,0.0,0.0,0.0
59.0,146.0,2015.0,13021.0,397.0,1.0,0.0,0.0,0.0,0.0,0.0,0.0,0.0,0.0,0.0,0.0,0.0,0.0
60.0,145.0,2015.0,13028.0,394.0,1.0,0.0,0.0,0.0,0.0,0.0,0.0,0.0,0.0,0.0,0.0,0.0,0.0
61.0,149.0,2015.0,13044.0,425.0,1.0,0.0,0.0,0.0,0.0,0.0,0.0,0.0,0.0,0.0,0.0,0.0,0.0
62.0,148.0,2015.0,13025.0,424.0,0.9763108152531229,0.005934770357847281,0.006603972950126796,0.003836174509251432,0.002456677937447168,0.0022541561003099463,1.1740396355780971e-05,0.00016730064806987885,0.0024243918474687706,0.0,0.0,0.0,0.0
63.0,147.0,2015.0,13026.0,422.0,0.9763108152531229,0.005934770357847281,0.006603972950126796,0.003836174509251432,0.002456677937447168,0.0022541561003099463,1.1740396355780971e-05,0.00016730064806987885,0.0024243918474687706,0.0,0.0,0.0,0.0
64.0,24.0,2015.0,13038.0,452.0,0.8980078808357383,0.00289283501254703,0.02447783472155179,0.02404305360132283,0.00505989366691658,0.019373435900596026,0.00017459714276911068,0.0029544575335243633,0.022937271697118462,0.0,0.0,7.873988791548129e-05,0.0
65.0,26.0,2015.0,13046.0,44.0,0.9953683361038325,0.0020781837738282523,0.00021413090701148758,0.00222052512820005,0.00011882408712776189,0.0,0.0,0.0,0.0,0.0,0.0,0.0,0.0
66.0,219.0,2015.0,13049.0,191.0,0.9948412602752935,0.0025311573415616037,0.0,0.002627582383144903,0.0,0.0,0.0,0.0,0.0,0.0,0.0,0.0,0.0
67.0,110.0,2015.0,13064.0,339.0,1.0,0.0,0.0,0.0,0.0,0.0,0.0,0.0,0.0,0.0,0.0,0.0,0.0
68.0,107.0,2015.0,13064.0,245.0,1.0,0.0,0.0,0.0,0.0,0.0,0.0,0.0,0.0,0.0,0.0,0.0,0.0
69.0,108.0,2015.0,13066.0,332.0,0.963998678681447,0.017578146005700106,0.006568182341960315,0.00885129788819494,0.00021356195217134123,0.00015056885836540603,3.07283384419196e-06,0.002545842839913039,9.064859840366282e-05,0.0,0.0,0.0,0.0
70.0,216.0,2015.0,13071.0,226.0,0.9618741597539302,0.01669878505100788,0.004765730030758729,0.012315978306563388,2.497325780310251e-05,0.0020061850435159016,0.0,0.0023141885564208326,0.0,0.0,0.0,0.0,0.0
71.0,214.0,2015.0,13089.0,224.0,0.9670278767805498,0.015413231570483974,0.0021120591376558545,0.010752301064429804,2.4000672018816525e-06,0.0010536295016260455,0.0,0.003530498853967911,0.00010800302408467438,0.0,0.0,0.0,0.0
72.0,211.0,2015.0,13202.0,221.0,0.9670278767805498,0.015413231570483974,0.0021120591376558545,0.010752301064429804,2.4000672018816525e-06,0.0010536295016260455,0.0,0.003530498853967911,0.00010800302408467438,0.0,0.0,0.0,0.0
73.0,20.0,2015.0,13094.0,214.0,1.0,0.0,0.0,0.0,0.0,0.0,0.0,0.0,0.0,0.0,0.0,0.0,0.0
74.0,17.0,2015.0,13094.0,141.0,1.0,0.0,0.0,0.0,0.0,0.0,0.0,0.0,0.0,0.0,0.0,0.0,0.0
75.0,21.0,2015.0,13096.0,215.0,0.9987514561699803,0.0006382065559698789,5.573856384016409e-06,0.0006047634176657805,0.0,0.0,0.0,0.0,0.0,0.0,0.0,0.0,0.0
76.0,212.0,2015.0,13101.0,222.0,0.9900979007354732,0.004685597389313721,0.0006867663533193707,0.003726072768009352,1.461205007062491e-05,0.0,8.767230042374945e-05,0.0007013784033899956,0.0,0.0,0.0,0.0,0.0
77.0,215.0,2015.0,14123.0,225.0,0.9900979007354732,0.004685597389313721,0.0006867663533193707,0.003726072768009352,1.461205007062491e-05,0.0,8.767230042374945e-05,0.0007013784033899956,0.0,0.0,0.0,0.0,0.0
78.0,18.0,2015.0,13102.0,142.0,0.9867248466943314,0.0067282804821556415,0.0002850691778669699,0.006245606533267249,0.0,0.0,0.0,1.6197112378805105e-05,0.0,0.0,0.0,0.0,0.0
79.0,16.0,2015.0,13106.0,64.0,0.9930006410090575,0.0036563386597449187,0.00028457352776316584,0.003023953042493439,1.4372400392079083e-05,0.0,2.0121360548910717e-05,0.0,0.0,0.0,0.0,0.0,0.0
80.0,213.0,2015.0,13110.0,223.0,0.9835327814031521,0.007315405048989787,0.001061791745230439,0.008090021802627651,0.0,0.0,0.0,0.0,0.0,0.0,0.0,0.0,0.0
81.0,195.0,2015.0,13111.0,529.0,0.9843480498355505,0.006471895369269331,0.0015419843709971511,0.006702120896239386,3.1975767634729895e-05,0.0005037123866223921,1.880927507925288e-06,1.5423605564987364e-05,0.0,0.00038295684061358866,0.0,0.0,0.0
82.0,155.0,2015.0,13115.0,151.0,0.9996051841043687,0.00020599090206849198,0.0,0.0001888249935627843,0.0,0.0,0.0,0.0,0.0,0.0,0.0,0.0,0.0
83.0,171.0,2015.0,13130.0,207.0,0.9999699187203824,1.403793048817906e-05,0.0,1.6043349129347498e-05,0.0,0.0,0.0,0.0,0.0,0.0,0.0,0.0,0.0
84.0,172.0,2015.0,13130.0,208.0,0.9999699187203824,1.403793048817906e-05,0.0,1.6043349129347498e-05,0.0,0.0,0.0,0.0,0.0,0.0,0.0,0.0,0.0
85.0,268.0,2015.0,13139.0,188.0,0.953394279714214,0.021378788224641815,0.0025736720765139583,0.02245352933567684,0.0,0.0,1.9021966566991562e-06,0.00019782845229671225,0.0,0.0,0.0,0.0,0.0
86.0,266.0,2015.0,13144.0,183.0,0.9762319460251389,0.012028647421669172,0.0024648352270226427,0.008576620534844093,6.2878449668944965e-06,0.0,0.0,0.0006916629463583945,0.0,0.0,0.0,0.0,0.0
87.0,143.0,2015.0,13144.0,194.0,0.9762319460251389,0.012028647421669172,0.0024648352270226427,0.008576620534844093,6.2878449668944965e-06,0.0,0.0,0.0006916629463583945,0.0,0.0,0.0,0.0,0.0
88.0,174.0,2015.0,13153.0,210.0,0.9958469723697492,0.002035242955653872,6.839170998141633e-05,0.001914967879479657,0.0,0.0,0.0,0.00013442508513588725,0.0,0.0,0.0,0.0,0.0
89.0,173.0,2015.0,13161.0,209.0,0.9958469723697492,0.002035242955653872,6.839170998141633e-05,0.001914967879479657,0.0,0.0,0.0,0.00013442508513588725,0.0,0.0,0.0,0.0,0.0
90.0,11.0,2015.0,13171.0,526.0,0.9309405292114226,0.030730940529211423,0.009012313335079906,0.021351847000261985,0.0006811632171862719,0.0,0.0,0.005789887346083312,0.0,0.0014933193607545193,0.0,0.0,0.0
91.0,12.0,2015.0,13171.0,527.0,0.9309405292114226,0.030730940529211423,0.009012313335079906,0.021351847000261985,0.0006811632171862719,0.0,0.0,0.005789887346083312,0.0,0.0014933193607545193,0.0,0.0,0.0
92.0,10.0,2015.0,13174.0,524.0,0.8561137520155802,0.0642263313299688,0.01966368605113815,0.059849642954369356,0.00014658764894352188,0.0,0.0,0.0,0.0,0.0,0.0,0.0,0.0
93.0,228.0,2015.0,13175.0,180.0,0.995032255572295,0.002387298644107081,5.4081199057441957e-05,0.0024259280720052537,2.3177656738903696e-05,0.0,0.0,7.725885579634565e-05,0.0,0.0,0.0,0.0,0.0
94.0,227.0,2015.0,13175.0,176.0,0.995032255572295,0.002387298644107081,5.4081199057441957e-05,0.0024259280720052537,2.3177656738903696e-05,0.0,0.0,7.725885579634565e-05,0.0,0.0,0.0,0.0,0.0
95.0,224.0,2015.0,13178.0,437.0,1.0,0.0,0.0,0.0,0.0,0.0,0.0,0.0,0.0,0.0,0.0,0.0,0.0
96.0,225.0,2015.0,13189.0,439.0,0.9997725643180398,0.0,0.0,0.0,0.0,0.0,0.0,0.0,0.0,0.0,0.0,0.0,0.0002274356819601101
97.0,265.0,2015.0,13212.0,54.0,0.9483605974544193,0.025250856404314855,0.002509609713862666,0.022109661579130087,7.11056085594422e-05,0.0,0.0,0.0016981692397137372,0.0,0.0,0.0,0.0,0.0
98.0,267.0,2015.0,13212.0,186.0,0.9483605974544193,0.025250856404314855,0.002509609713862666,0.022109661579130087,7.11056085594422e-05,0.0,0.0,0.0016981692397137372,0.0,0.0,0.0,0.0,0.0
99.0,19.0,2015.0,13216.0,212.0,0.9433093244624593,0.02695237026051299,0.0036870062572750425,0.026045390355878825,5.908663873838209e-06,0.0,0.0,0.0,0.0,0.0,0.0,0.0,0.0
100.0,22.0,2015.0,13216.0,216.0,0.9433093244624593,0.02695237026051299,0.0036870062572750425,0.026045390355878825,5.908663873838209e-06,0.0,0.0,0.0,0.0,0.0,0.0,0.0,0.0
101.0,23.0,2015.0,13222.0,403.0,1.0,0.0,0.0,0.0,0.0,0.0,0.0,0.0,0.0,0.0,0.0,0.0,0.0
102.0,125.0,2015.0,13223.0,192.0,0.9689763897751585,0.01594659860115361,0.0017829661048759432,0.013062572726249016,0.0,0.0,0.0,0.00023147279256284173,0.0,0.0,0.0,0.0,0.0
103.0,142.0,2015.0,13226.0,49.0,0.9589123666127645,0.017854247814465474,0.003450297016532327,0.0163244775709909,2.494190614360718e-05,0.002677097926080504,0.0,0.0,0.0007565711530227512,0.0,0.0,0.0,0.0
104.0,126.0,2015.0,14167.0,193.0,0.9686003725071549,0.01760777722255031,0.002843774133466588,0.010902648435015672,0.0,0.0,0.0,4.54277018125653e-05,0.0,0.0,0.0,0.0,0.0
105.0,101.0,2015.0,21784.0,36.0,0.9983098567071316,0.0007516575569825946,0.0,0.0009384857358857828,0.0,0.0,0.0,0.0,0.0,0.0,0.0,0.0,0.0
106.0,247.0,2015.0,21842.0,521.0,1.0,0.0,0.0,0.0,0.0,0.0,0.0,0.0,0.0,0.0,0.0,0.0,0.0
107.0,128.0,2015.0,21849.0,478.0,0.9754176034958018,0.01171449258793491,0.0008028149333739822,0.011267355156688643,3.556775021277136e-05,0.0,0.0,0.0007621660759879578,0.0,0.0,0.0,0.0,0.0
108.0,246.0,2015.0,21871.0,519.0,1.0,0.0,0.0,0.0,0.0,0.0,0.0,0.0,0.0,0.0,0.0,0.0,0.0
109.0,129.0,2015.0,22037.0,480.0,0.9954246306899472,0.0022978007589968294,0.00032949595789388494,0.0016474797894694248,0.0001242835630652373,0.0,2.890315420121798e-06,0.00017341892520730787,0.0,0.0,0.0,0.0,0.0
110.0,152.0,2015.0,22171.0,442.0,0.972356291177091,0.011904909612020299,0.0027544449545268434,0.011191483553978436,1.2407409705075872e-05,0.0015881484422497116,1.8611114557613807e-05,0.0001737037358710622,0.0,0.0,0.0,0.0,0.0
111.0,88.0,2015.0,22211.0,610.0,0.9974778141055581,0.0012517515179822512,0.00018682858477347034,0.001083605791686128,0.0,0.0,0.0,0.0,0.0,0.0,0.0,0.0,0.0
112.0,27.0,2015.0,22288.0,404.0,0.992494808662118,0.0039899139721151,0.00033743696232571937,0.0029590625927024623,0.0001742806288935034,0.0,2.966478789676654e-05,1.483239394838327e-05,0.0,0.0,0.0,0.0,0.0
113.0,210.0,2015.0,22298.0,547.0,0.9604856610991345,0.016606641377148595,0.0037614426539920548,0.017881778966200326,0.00010448451816644597,0.0005288196021485429,2.1323371054376726e-06,0.0,0.0,0.0006290394461041135,0.0,0.0,0.0
114.0,100.0,2015.0,22307.0,35.0,0.9985044270097828,0.0007544208493110697,6.823907179698118e-05,0.0006729130691091199,0.0,0.0,0.0,0.0,0.0,0.0,0.0,0.0,0.0
115.0,176.0,2015.0,22453.0,177.0,0.9976332865400273,0.0011630706146151994,2.704815382826045e-06,0.0012009380299747641,0.0,0.0,0.0,0.0,0.0,0.0,0.0,0.0,0.0
116.0,198.0,2015.0,22549.0,166.0,0.9749429575326422,0.00826443413004815,0.0022079555806185746,0.010035136424760335,0.0001414132650848046,0.0026478115646553593,9.543226478115646e-06,0.0009335010627684032,0.0005830043812085195,2.689454734741682e-05,0.00020734828438814904,0.0,0.0
117.0,175.0,2015.0,22560.0,174.0,0.9925062509738164,0.003638054395219829,4.946368994180597e-05,0.0038062309410219694,0.0,0.0,0.0,0.0,0.0,0.0,0.0,0.0,0.0
118.0,150.0,2015.0,22609.0,392.0,0.9782529925451696,0.009817563554734149,0.0023605890966941034,0.008985675662347854,8.147355647082281e-05,0.00033661443068208375,1.0720204798792477e-05,0.0,5.574506495372088e-05,9.862588414889078e-05,0.0,0.0,0.0
119.0,151.0,2015.0,24399.0,441.0,0.9782529925451696,0.009817563554734149,0.0023605890966941034,0.008985675662347854,8.147355647082281e-05,0.00033661443068208375,1.0720204798792477e-05,0.0,5.574506495372088e-05,9.862588414889078e-05,0.0,0.0,0.0
120.0,67.0,2015.0,22744.0,120.0,0.9968851218404722,0.0014681398516724687,9.989405176328137e-05,0.0015135462388375966,0.0,0.0,0.0,3.329801725442712e-05,0.0,0.0,0.0,0.0,0.0
121.0,64.0,2015.0,22744.0,115.0,0.9968851218404722,0.0014681398516724687,9.989405176328137e-05,0.0015135462388375966,0.0,0.0,0.0,3.329801725442712e-05,0.0,0.0,0.0,0.0,0.0
122.0,65.0,2015.0,24212.0,117.0,0.9968851218404722,0.0014681398516724687,9.989405176328137e-05,0.0015135462388375966,0.0,0.0,0.0,3.329801725442712e-05,0.0,0.0,0.0,0.0,0.0
123.0,104.0,2015.0,23280.0,389.0,1.0,0.0,0.0,0.0,0.0,0.0,0.0,0.0,0.0,0.0,0.0,0.0,0.0
124.0,153.0,2015.0,23492.0,443.0,0.936570138619449,0.02765334556100314,0.009329476914394555,0.024298966526753906,0.00036683009417657226,0.0015484462629184155,2.821769955204402e-05,2.469048710803852e-05,0.00017988783464428063,0.0,0.0,0.0,0.0
125.0,98.0,2015.0,23506.0,102.0,0.9243458269415824,0.03548780635108529,0.005648898605692383,0.031642690051415845,0.0005354978721005608,0.0004791296750373439,8.052599580459562e-05,0.001747414108959725,0.0,0.0,3.2210398321838246e-05,0.0,0.0
126.0,244.0,2015.0,23510.0,446.0,0.9646538790391533,0.015503250681594529,0.002032684272508752,0.01669704938132189,0.0,0.0011131366254214594,0.0,0.0,0.0,0.0,0.0,0.0,0.0
127.0,248.0,2015.0,23510.0,522.0,0.9646538790391533,0.015503250681594529,0.002032684272508752,0.01669704938132189,0.0,0.0011131366254214594,0.0,0.0,0.0,0.0,0.0,0.0,0.0
128.0,68.0,2015.0,23534.0,128.0,0.9984879106613362,0.0008482452387625946,7.3760455544573445e-06,0.0006564680543467037,0.0,0.0,0.0,0.0,0.0,0.0,0.0,0.0,0.0
129.0,154.0,2015.0,23567.0,444.0,0.9885739911446852,0.004989799334272342,0.0005747743536946622,0.005627735704856527,3.789721013371399e-05,0.0,0.0,0.0,0.0,0.00019580225235752227,0.0,0.0,0.0
130.0,197.0,2015.0,23576.0,165.0,0.9991773544512063,0.00042123416655103375,4.460126469363887e-05,0.00035681011754911096,0.0,0.0,0.0,0.0,0.0,0.0,0.0,0.0,0.0
131.0,249.0,2015.0,23589.0,391.0,1.0,0.0,0.0,0.0,0.0,0.0,0.0,0.0,0.0,0.0,0.0,0.0,0.0
132.0,127.0,2015.0,23653.0,417.0,0.954932129976984,0.019953243081607133,0.004588702223672049,0.020377317457728483,5.43685097591475e-05,0.0,0.0,2.53719712209355e-05,0.0,6.88667790282535e-05,0.0,0.0,0.0
133.0,250.0,2015.0,23666.0,396.0,1.0,0.0,0.0,0.0,0.0,0.0,0.0,0.0,0.0,0.0,0.0,0.0,0.0
134.0,105.0,2015.0,23717.0,279.0,1.0,0.0,0.0,0.0,0.0,0.0,0.0,0.0,0.0,0.0,0.0,0.0,0.0
135.0,63.0,2015.0,23728.0,106.0,0.9995508645856725,0.0003742795119395164,0.0,7.485590238790328e-05,0.0,0.0,0.0,0.0,0.0,0.0,0.0,0.0,0.0
136.0,97.0,2015.0,23753.0,101.0,0.9549343189415698,0.018882715758745703,0.004470549460897406,0.017639719384151795,1.1770799001836245e-05,0.0015961203446489948,4.708319600734498e-05,0.0011794340599839918,0.001059371910165262,0.00017891614482791091,0.0,0.0,0.0
137.0,29.0,2015.0,23756.0,408.0,0.9866119577960141,0.006541617819460727,0.0004454865181711606,0.0062837045720984756,0.0,0.00011723329425556858,0.0,0.0,0.0,0.0,0.0,0.0,0.0
138.0,30.0,2015.0,23756.0,466.0,0.9866119577960141,0.006541617819460727,0.0004454865181711606,0.0062837045720984756,0.0,0.00011723329425556858,0.0,0.0,0.0,0.0,0.0,0.0,0.0
139.0,106.0,2015.0,23783.0,390.0,1.0,0.0,0.0,0.0,0.0,0.0,0.0,0.0,0.0,0.0,0.0,0.0,0.0
140.0,102.0,2015.0,23824.0,247.0,0.9912678108719589,0.004015492240184504,0.0008545931643503175,0.002689777203179525,3.286896785962759e-05,0.0,0.0,0.00036703680776584147,0.0,0.0007724207447012485,0.0,0.0,0.0
141.0,96.0,2015.0,23859.0,99.0,0.944744030631068,0.027152002660911553,0.002680027297282315,0.023997904914466604,0.00033452551856234314,0.0,4.778935979462045e-06,0.0009118209848813581,0.0,0.00017490905684831084,0.0,0.0,0.0
142.0,254.0,2015.0,23863.0,401.0,1.0,0.0,0.0,0.0,0.0,0.0,0.0,0.0,0.0,0.0,0.0,0.0,0.0
143.0,255.0,2015.0,23863.0,402.0,1.0,0.0,0.0,0.0,0.0,0.0,0.0,0.0,0.0,0.0,0.0,0.0,0.0
144.0,251.0,2015.0,23863.0,398.0,1.0,0.0,0.0,0.0,0.0,0.0,0.0,0.0,0.0,0.0,0.0,0.0,0.0
145.0,253.0,2015.0,23863.0,400.0,1.0,0.0,0.0,0.0,0.0,0.0,0.0,0.0,0.0,0.0,0.0,0.0,0.0
146.0,262.0,2015.0,23865.0,386.0,0.9528862483523044,0.014551150396173657,0.004179193252470006,0.020309000917901995,4.024905219072237e-05,0.004708021077086997,3.3540876825601973e-06,0.001546234421660251,0.0017765484425293846,0.0,0.0,0.0,0.0
147.0,209.0,2015.0,23941.0,543.0,0.9710604480591074,0.010294329831640256,0.0023338076947507416,0.013466087225010947,7.824229113620006e-05,0.001982979357075522,2.061221648211722e-05,5.9733362050217245e-05,0.0005493786678703079,0.0001543812948762657,0.0,0.0,0.0
148.0,200.0,2015.0,23972.0,171.0,0.9714265451315014,0.009917657685904758,0.001709554843863146,0.011455510514882085,0.00025941934857748615,0.0022433241510081896,6.532141870656125e-05,0.0012672355229072885,0.0007521294782498339,0.0002482213910849328,0.0,0.0006550805133143714,0.0
149.0,199.0,2015.0,23972.0,167.0,0.9714265451315014,0.009917657685904758,0.001709554843863146,0.011455510514882085,0.00025941934857748615,0.0022433241510081896,6.532141870656125e-05,0.0012672355229072885,0.0007521294782498339,0.0002482213910849328,0.0,0.0006550805133143714,0.0
150.0,89.0,2015.0,24023.0,621.0,0.9164912347548875,0.033711504205603024,0.0030799810755801956,0.040716079723881284,0.0,0.00026672001066880045,5.080381155596199e-05,0.003911893489809073,0.0006159962151160391,6.668000266720011e-05,1.2700952888990497e-05,0.0010764057573419445,0.0
151.0,66.0,2015.0,24063.0,119.0,0.993518871521159,0.003431185665268776,0.0,0.0030499428135722455,0.0,0.0,0.0,0.0,0.0,0.0,0.0,0.0,0.0
152.0,168.0,2015.0,24110.0,266.0,0.990973316524845,0.004475260006303183,4.4647547011240674e-05,0.003992015968063872,0.0,0.00020485345099275135,0.0,0.00030990650278390586,0.0,0.0,0.0,0.0,0.0
153.0,261.0,2015.0,24139.0,385.0,0.9691514120160525,0.014928617247430168,0.0004400125111991136,0.014992233514109558,0.0,0.0,0.0,0.0004877247112086561,0.0,0.0,0.0,0.0,0.0
154.0,99.0,2015.0,24308.0,103.0,0.9757452799420605,0.011166577103468127,0.00252765529736336,0.009531226605725003,5.431824222454093e-05,0.00027855508833097913,5.571101766619583e-06,0.0005067381315221062,0.00017850738577210247,5.571101766619583e-06,0.0,0.0,0.0
155.0,258.0,2015.0,24340.0,372.0,0.9569954521356209,0.021798011346218348,0.0024452434964818068,0.01702654062963217,1.0819661488857551e-05,0.0,0.0002524587680733429,0.001471473962484627,0.0,0.0,0.0,0.0,0.0
156.0,257.0,2015.0,24340.0,256.0,0.9569954521356209,0.021798011346218348,0.0024452434964818068,0.01702654062963217,1.0819661488857551e-05,0.0,0.0002524587680733429,0.001471473962484627,0.0,0.0,0.0,0.0,0.0
157.0,245.0,2015.0,24382.0,449.0,1.0,0.0,0.0,0.0,0.0,0.0,0.0,0.0,0.0,0.0,0.0,0.0,0.0
158.0,243.0,2015.0,24382.0,445.0,1.0,0.0,0.0,0.0,0.0,0.0,0.0,0.0,0.0,0.0,0.0,0.0,0.0
159.0,252.0,2015.0,24386.0,399.0,1.0,0.0,0.0,0.0,0.0,0.0,0.0,0.0,0.0,0.0,0.0,0.0,0.0
160.0,217.0,2015.0,24412.0,204.0,0.9750167087479579,0.007105859200950542,0.003774320510916382,0.009147111243130848,3.991534234368038e-05,0.003181159958413783,7.42611020347542e-06,0.0009329050943115996,0.0007945937917718699,0.0,0.0,0.0,0.0
161.0,31.0,2015.0,24430.0,467.0,0.999661530526723,0.0001611759396557282,0.0,0.000177293533621301,0.0,0.0,0.0,0.0,0.0,0.0,0.0,0.0,0.0
162.0,260.0,2015.0,24553.0,259.0,0.979367018442678,0.009158374547274499,0.0008201529445320446,0.009232640365086454,5.381581000866434e-06,0.0,7.534213401213008e-06,0.0007641845021230337,0.0,0.0006447134039037989,0.0,0.0,0.0
