index,id_distr_bank,year,newid,baseline_PSU,dummy_settle_without_na_11,dummy_settle_without_na_2,dummy_settle_without_na_3,dummy_settle_without_na_1,dummy_settle_without_na_12,dummy_settle_without_na_4,dummy_settle_without_na_5,dummy_settle_without_na_13,dummy_settle_without_na_21,dummy_settle_without_na_22,dummy_settle_without_na_23,dummy_settle_without_na_255
0.0,204.0,2015.0,3185.0,473.0,0.4838709677419355,0.016129032258064516,0.5,0.0,0.0,0.0,0.0,0.0,0.0,0.0,0.0,0.0
1.0,203.0,2015.0,3185.0,472.0,0.4838709677419355,0.016129032258064516,0.5,0.0,0.0,0.0,0.0,0.0,0.0,0.0,0.0,0.0
2.0,206.0,2015.0,3186.0,475.0,0.0,0.0,0.0,0.0,0.0,0.0,0.0,0.0,0.0,0.0,0.0,0.0
3.0,141.0,2015.0,3189.0,582.0,0.3887213756010105,0.08776790807595143,0.41789585200880125,0.002363295574932768,0.07424007823323282,0.0006519436068780051,0.02835954689919322,0.0,0.0,0.0,0.0,0.0
4.0,140.0,2015.0,3191.0,567.0,0.2895521485988275,0.16297318532546287,0.357032052702621,0.00452283578781957,0.11465237625158652,3.0219392791667505e-05,0.029443761710014706,0.027388843000181316,0.008501722505389124,0.0028204766605556338,0.0030823780647500857,0.0
5.0,242.0,2015.0,3192.0,344.0,0.5013262599469496,0.05570291777188329,0.4385499557913351,0.0,0.0,0.0,0.004420866489832007,0.0,0.0,0.0,0.0,0.0
6.0,241.0,2015.0,3193.0,341.0,0.5013262599469496,0.05570291777188329,0.4385499557913351,0.0,0.0,0.0,0.004420866489832007,0.0,0.0,0.0,0.0,0.0
7.0,237.0,2015.0,3193.0,228.0,0.5013262599469496,0.05570291777188329,0.4385499557913351,0.0,0.0,0.0,0.004420866489832007,0.0,0.0,0.0,0.0,0.0
8.0,238.0,2015.0,3193.0,249.0,0.5013262599469496,0.05570291777188329,0.4385499557913351,0.0,0.0,0.0,0.004420866489832007,0.0,0.0,0.0,0.0,0.0
9.0,7.0,2015.0,3196.0,382.0,0.4724484906564447,0.02731193100143747,0.49353138476281744,0.0,0.0,0.006708193579300431,0.0,0.0,0.0,0.0,0.0,0.0
10.0,5.0,2015.0,3196.0,380.0,0.4724484906564447,0.02731193100143747,0.49353138476281744,0.0,0.0,0.006708193579300431,0.0,0.0,0.0,0.0,0.0,0.0
11.0,3.0,2015.0,3196.0,257.0,0.4724484906564447,0.02731193100143747,0.49353138476281744,0.0,0.0,0.006708193579300431,0.0,0.0,0.0,0.0,0.0,0.0
12.0,6.0,2015.0,3204.0,381.0,0.5107218363032316,0.030806402899426155,0.4180006040471157,0.0,0.0,0.000906070673512534,0.03956508607671398,0.0,0.0,0.0,0.0,0.0
13.0,8.0,2015.0,3204.0,383.0,0.5107218363032316,0.030806402899426155,0.4180006040471157,0.0,0.0,0.000906070673512534,0.03956508607671398,0.0,0.0,0.0,0.0,0.0
14.0,2.0,2015.0,3204.0,253.0,0.5107218363032316,0.030806402899426155,0.4180006040471157,0.0,0.0,0.000906070673512534,0.03956508607671398,0.0,0.0,0.0,0.0,0.0
15.0,4.0,2015.0,3204.0,378.0,0.5107218363032316,0.030806402899426155,0.4180006040471157,0.0,0.0,0.000906070673512534,0.03956508607671398,0.0,0.0,0.0,0.0,0.0
16.0,58.0,2015.0,3209.0,312.0,0.4799719887955182,0.19733893557422968,0.2620448179271709,0.0226890756302521,0.0,0.0,0.011064425770308124,0.0,0.02689075630252101,0.0,0.0,0.0
17.0,57.0,2015.0,3209.0,311.0,0.4799719887955182,0.19733893557422968,0.2620448179271709,0.0226890756302521,0.0,0.0,0.011064425770308124,0.0,0.02689075630252101,0.0,0.0,0.0
18.0,62.0,2015.0,3211.0,316.0,0.4799719887955182,0.19733893557422968,0.2620448179271709,0.0226890756302521,0.0,0.0,0.011064425770308124,0.0,0.02689075630252101,0.0,0.0,0.0
19.0,61.0,2015.0,3211.0,315.0,0.4799719887955182,0.19733893557422968,0.2620448179271709,0.0226890756302521,0.0,0.0,0.011064425770308124,0.0,0.02689075630252101,0.0,0.0,0.0
20.0,59.0,2015.0,3211.0,313.0,0.4799719887955182,0.19733893557422968,0.2620448179271709,0.0226890756302521,0.0,0.0,0.011064425770308124,0.0,0.02689075630252101,0.0,0.0,0.0
21.0,60.0,2015.0,3211.0,314.0,0.4799719887955182,0.19733893557422968,0.2620448179271709,0.0226890756302521,0.0,0.0,0.011064425770308124,0.0,0.02689075630252101,0.0,0.0,0.0
22.0,71.0,2015.0,3210.0,507.0,0.4407755225689185,0.1475310511966071,0.2980914874280521,0.03877612844592548,0.008785216601029992,0.014238109663738261,0.05180248409572857,0.0,0.0,0.0,0.0,0.0
23.0,112.0,2015.0,3219.0,159.0,0.47899728997289975,0.015582655826558265,0.4905149051490515,0.0,0.0,0.0,0.014905149051490514,0.0,0.0,0.0,0.0,0.0
24.0,111.0,2015.0,3222.0,37.0,0.47899728997289975,0.015582655826558265,0.4905149051490515,0.0,0.0,0.0,0.014905149051490514,0.0,0.0,0.0,0.0,0.0
25.0,114.0,2015.0,3220.0,161.0,0.4435483870967742,0.008064516129032258,0.5483870967741935,0.0,0.0,0.0,0.0,0.0,0.0,0.0,0.0,0.0
26.0,115.0,2015.0,3221.0,163.0,0.48441771459814104,0.002186987424822307,0.5073810825587752,0.0,0.0,0.0,0.006014215418261345,0.0,0.0,0.0,0.0,0.0
27.0,116.0,2015.0,3221.0,164.0,0.48441771459814104,0.002186987424822307,0.5073810825587752,0.0,0.0,0.0,0.006014215418261345,0.0,0.0,0.0,0.0,0.0
28.0,113.0,2015.0,3224.0,160.0,0.48444863336475025,0.14985862393967955,0.36380772855796417,0.001885014137606032,0.0,0.0,0.0,0.0,0.0,0.0,0.0,0.0
29.0,220.0,2015.0,3232.0,17.0,0.49085431461157736,0.012696363245104368,0.45836023240800516,0.0,0.0,0.0,0.030342156229825695,0.007746933505487412,0.0,0.0,0.0,0.0
30.0,221.0,2015.0,3232.0,56.0,0.49085431461157736,0.012696363245104368,0.45836023240800516,0.0,0.0,0.0,0.030342156229825695,0.007746933505487412,0.0,0.0,0.0,0.0
31.0,69.0,2015.0,3232.0,145.0,0.49085431461157736,0.012696363245104368,0.45836023240800516,0.0,0.0,0.0,0.030342156229825695,0.007746933505487412,0.0,0.0,0.0,0.0
32.0,223.0,2015.0,3232.0,121.0,0.49085431461157736,0.012696363245104368,0.45836023240800516,0.0,0.0,0.0,0.030342156229825695,0.007746933505487412,0.0,0.0,0.0,0.0
33.0,222.0,2015.0,3232.0,57.0,0.49085431461157736,0.012696363245104368,0.45836023240800516,0.0,0.0,0.0,0.030342156229825695,0.007746933505487412,0.0,0.0,0.0,0.0
34.0,70.0,2015.0,3232.0,146.0,0.49085431461157736,0.012696363245104368,0.45836023240800516,0.0,0.0,0.0,0.030342156229825695,0.007746933505487412,0.0,0.0,0.0,0.0
35.0,55.0,2015.0,3234.0,83.0,0.4745762711864407,0.0,0.5254237288135594,0.0,0.0,0.0,0.0,0.0,0.0,0.0,0.0,0.0
36.0,54.0,2015.0,3234.0,82.0,0.4745762711864407,0.0,0.5254237288135594,0.0,0.0,0.0,0.0,0.0,0.0,0.0,0.0,0.0
37.0,52.0,2015.0,3234.0,26.0,0.4745762711864407,0.0,0.5254237288135594,0.0,0.0,0.0,0.0,0.0,0.0,0.0,0.0,0.0
38.0,56.0,2015.0,3234.0,84.0,0.4745762711864407,0.0,0.5254237288135594,0.0,0.0,0.0,0.0,0.0,0.0,0.0,0.0,0.0
39.0,53.0,2015.0,3234.0,80.0,0.4745762711864407,0.0,0.5254237288135594,0.0,0.0,0.0,0.0,0.0,0.0,0.0,0.0,0.0
40.0,239.0,2015.0,3238.0,250.0,0.45711871567384876,0.059569074778200254,0.4196592029291649,0.007041261794113505,0.0,0.0,0.05661174482467258,0.0,0.0,0.0,0.0,0.0
41.0,240.0,2015.0,3238.0,251.0,0.45711871567384876,0.059569074778200254,0.4196592029291649,0.007041261794113505,0.0,0.0,0.05661174482467258,0.0,0.0,0.0,0.0,0.0
42.0,205.0,2015.0,3242.0,474.0,0.5323741007194245,0.007194244604316547,0.460431654676259,0.0,0.0,0.0,0.0,0.0,0.0,0.0,0.0,0.0
43.0,202.0,2015.0,3242.0,471.0,0.5323741007194245,0.007194244604316547,0.460431654676259,0.0,0.0,0.0,0.0,0.0,0.0,0.0,0.0,0.0
44.0,201.0,2015.0,3243.0,460.0,0.0,0.0,0.0,0.0,0.0,0.0,0.0,0.0,0.0,0.0,0.0,0.0
45.0,208.0,2015.0,3243.0,477.0,0.0,0.0,0.0,0.0,0.0,0.0,0.0,0.0,0.0,0.0,0.0,0.0
46.0,207.0,2015.0,3243.0,476.0,0.0,0.0,0.0,0.0,0.0,0.0,0.0,0.0,0.0,0.0,0.0,0.0
47.0,194.0,2015.0,3245.0,469.0,0.49099099099099097,0.02252252252252252,0.4864864864864865,0.0,0.0,0.0,0.0,0.0,0.0,0.0,0.0,0.0
48.0,192.0,2015.0,3245.0,405.0,0.49099099099099097,0.02252252252252252,0.4864864864864865,0.0,0.0,0.0,0.0,0.0,0.0,0.0,0.0,0.0
49.0,193.0,2015.0,3245.0,409.0,0.49099099099099097,0.02252252252252252,0.4864864864864865,0.0,0.0,0.0,0.0,0.0,0.0,0.0,0.0,0.0
50.0,15.0,2015.0,11703.0,62.0,0.44945387629110767,0.07299952510981836,0.3903745696307729,0.003442953816929835,0.04796390834619494,0.0007716965451739286,0.03431081562388698,0.0,0.0,0.0006826546361153983,0.0,0.0
51.0,14.0,2015.0,11703.0,15.0,0.44945387629110767,0.07299952510981836,0.3903745696307729,0.003442953816929835,0.04796390834619494,0.0007716965451739286,0.03431081562388698,0.0,0.0,0.0006826546361153983,0.0,0.0
52.0,91.0,2015.0,11712.0,364.0,0.4861111111111111,0.009259259259259259,0.4837962962962963,0.0,0.0,0.0,0.020833333333333332,0.0,0.0,0.0,0.0,0.0
53.0,156.0,2015.0,12369.0,435.0,0.0,0.0,0.0,0.0,0.0,0.0,0.0,0.0,0.0,0.0,0.0,0.0
54.0,161.0,2015.0,12369.0,501.0,0.0,0.0,0.0,0.0,0.0,0.0,0.0,0.0,0.0,0.0,0.0,0.0
55.0,158.0,2015.0,12370.0,496.0,0.0,0.0,0.0,0.0,0.0,0.0,0.0,0.0,0.0,0.0,0.0,0.0
56.0,160.0,2015.0,12370.0,500.0,0.0,0.0,0.0,0.0,0.0,0.0,0.0,0.0,0.0,0.0,0.0,0.0
57.0,159.0,2015.0,12371.0,497.0,0.0,0.0,0.0,0.0,0.0,0.0,0.0,0.0,0.0,0.0,0.0,0.0
58.0,157.0,2015.0,12371.0,495.0,0.0,0.0,0.0,0.0,0.0,0.0,0.0,0.0,0.0,0.0,0.0,0.0
59.0,146.0,2015.0,13021.0,397.0,0.0,0.0,0.0,0.0,0.0,0.0,0.0,0.0,0.0,0.0,0.0,0.0
60.0,145.0,2015.0,13028.0,394.0,0.0,0.0,0.0,0.0,0.0,0.0,0.0,0.0,0.0,0.0,0.0,0.0
61.0,149.0,2015.0,13044.0,425.0,0.0,0.0,0.0,0.0,0.0,0.0,0.0,0.0,0.0,0.0,0.0,0.0
62.0,148.0,2015.0,13025.0,424.0,0.2505265766323876,0.278775864205179,0.16193780200718622,0.1037046214843266,0.09515549498203445,0.0004956015363647627,0.007062321893197869,0.1023417172593235,0.0,0.0,0.0,0.0
63.0,147.0,2015.0,13026.0,422.0,0.2505265766323876,0.278775864205179,0.16193780200718622,0.1037046214843266,0.09515549498203445,0.0004956015363647627,0.007062321893197869,0.1023417172593235,0.0,0.0,0.0,0.0
64.0,24.0,2015.0,13038.0,452.0,0.02836331901181525,0.23999731471535982,0.235734425349087,0.04961063372717508,0.1899503222341568,0.0017118689581095596,0.02896750805585392,0.22489258861439312,0.0,0.0,0.0007720193340494092,0.0
65.0,26.0,2015.0,13046.0,44.0,0.448690539818279,0.04623196151790487,0.4794227685729556,0.025654730090860504,0.0,0.0,0.0,0.0,0.0,0.0,0.0,0.0
66.0,219.0,2015.0,13049.0,191.0,0.49065420560747663,0.0,0.5093457943925234,0.0,0.0,0.0,0.0,0.0,0.0,0.0,0.0,0.0
67.0,110.0,2015.0,13064.0,339.0,0.0,0.0,0.0,0.0,0.0,0.0,0.0,0.0,0.0,0.0,0.0,0.0
68.0,107.0,2015.0,13064.0,245.0,0.0,0.0,0.0,0.0,0.0,0.0,0.0,0.0,0.0,0.0,0.0,0.0
69.0,108.0,2015.0,13066.0,332.0,0.4882639125981564,0.18244281324684192,0.2458603618982588,0.005932058723113691,0.004182314783202458,8.535336292249915e-05,0.07071526118129054,0.002517924206213725,0.0,0.0,0.0,0.0
70.0,216.0,2015.0,13071.0,226.0,0.43799126637554586,0.125,0.3230349344978166,0.0006550218340611354,0.05262008733624454,0.0,0.060698689956331875,0.0,0.0,0.0,0.0,0.0
71.0,214.0,2015.0,13089.0,224.0,0.46746251273838985,0.06405590333381861,0.3261027806085311,7.279079924297569e-05,0.031955160867666324,0.0,0.10707526568641723,0.003275585965933906,0.0,0.0,0.0,0.0
72.0,211.0,2015.0,13202.0,221.0,0.46746251273838985,0.06405590333381861,0.3261027806085311,7.279079924297569e-05,0.031955160867666324,0.0,0.10707526568641723,0.003275585965933906,0.0,0.0,0.0,0.0
73.0,20.0,2015.0,13094.0,214.0,0.0,0.0,0.0,0.0,0.0,0.0,0.0,0.0,0.0,0.0,0.0,0.0
74.0,17.0,2015.0,13094.0,141.0,0.0,0.0,0.0,0.0,0.0,0.0,0.0,0.0,0.0,0.0,0.0,0.0
75.0,21.0,2015.0,13096.0,215.0,0.5111607142857143,0.004464285714285714,0.484375,0.0,0.0,0.0,0.0,0.0,0.0,0.0,0.0,0.0
76.0,212.0,2015.0,13101.0,222.0,0.4731923266109198,0.06935563207083129,0.37629119527791444,0.0014756517461878996,0.0,0.008853910477127398,0.07083128381701918,0.0,0.0,0.0,0.0,0.0
77.0,215.0,2015.0,14123.0,225.0,0.4731923266109198,0.06935563207083129,0.37629119527791444,0.0014756517461878996,0.0,0.008853910477127398,0.07083128381701918,0.0,0.0,0.0,0.0,0.0
78.0,18.0,2015.0,13102.0,142.0,0.5068326012689116,0.021473889702293802,0.47047340165934604,0.0,0.0,0.0,0.0012201073694485115,0.0,0.0,0.0,0.0,0.0
79.0,16.0,2015.0,13106.0,64.0,0.5223819301848049,0.0406570841889117,0.4320328542094456,0.002053388090349076,0.0,0.002874743326488706,0.0,0.0,0.0,0.0,0.0,0.0
80.0,213.0,2015.0,13110.0,223.0,0.4442404772831574,0.06447911886186324,0.49128040385497934,0.0,0.0,0.0,0.0,0.0,0.0,0.0,0.0,0.0
81.0,195.0,2015.0,13111.0,529.0,0.4134881149806523,0.09851707645348139,0.4281971783594107,0.0020429254692719977,0.03218208474535535,0.00012017208642776456,0.0009854111087076694,0.0,0.024467036796692865,0.0,0.0,0.0
82.0,155.0,2015.0,13115.0,151.0,0.5217391304347826,0.0,0.4782608695652174,0.0,0.0,0.0,0.0,0.0,0.0,0.0,0.0,0.0
83.0,171.0,2015.0,13130.0,207.0,0.4666666666666667,0.0,0.5333333333333333,0.0,0.0,0.0,0.0,0.0,0.0,0.0,0.0,0.0
84.0,172.0,2015.0,13130.0,208.0,0.4666666666666667,0.0,0.5333333333333333,0.0,0.0,0.0,0.0,0.0,0.0,0.0,0.0,0.0
85.0,268.0,2015.0,13139.0,188.0,0.458715970776703,0.0552222358271091,0.4817762540304477,0.0,0.0,4.0814660626096896e-05,0.004244724705114077,0.0,0.0,0.0,0.0,0.0
86.0,266.0,2015.0,13144.0,183.0,0.5060846560846561,0.1037037037037037,0.36084656084656086,0.00026455026455026457,0.0,0.0,0.0291005291005291,0.0,0.0,0.0,0.0,0.0
87.0,143.0,2015.0,13144.0,194.0,0.5060846560846561,0.1037037037037037,0.36084656084656086,0.00026455026455026457,0.0,0.0,0.0291005291005291,0.0,0.0,0.0,0.0,0.0
88.0,174.0,2015.0,13153.0,210.0,0.4900624645088018,0.016467915956842702,0.4611016467915957,0.0,0.0,0.0,0.03236797274275979,0.0,0.0,0.0,0.0,0.0
89.0,173.0,2015.0,13161.0,209.0,0.4900624645088018,0.016467915956842702,0.4611016467915957,0.0,0.0,0.0,0.03236797274275979,0.0,0.0,0.0,0.0,0.0
90.0,11.0,2015.0,13171.0,526.0,0.44499241274658574,0.13050075872534142,0.3091805766312595,0.009863429438543247,0.0,0.0,0.0838391502276176,0.0,0.021623672230652504,0.0,0.0,0.0
91.0,12.0,2015.0,13171.0,527.0,0.44499241274658574,0.13050075872534142,0.3091805766312595,0.009863429438543247,0.0,0.0,0.0838391502276176,0.0,0.021623672230652504,0.0,0.0,0.0
92.0,10.0,2015.0,13174.0,524.0,0.44636879639062726,0.13666133022849658,0.4159510988211323,0.001018774559743851,0.0,0.0,0.0,0.0,0.0,0.0,0.0,0.0
93.0,228.0,2015.0,13175.0,180.0,0.48055987558320373,0.01088646967340591,0.48833592534992226,0.004665629860031105,0.0,0.0,0.015552099533437015,0.0,0.0,0.0,0.0,0.0
94.0,227.0,2015.0,13175.0,176.0,0.48055987558320373,0.01088646967340591,0.48833592534992226,0.004665629860031105,0.0,0.0,0.015552099533437015,0.0,0.0,0.0,0.0,0.0
95.0,224.0,2015.0,13178.0,437.0,0.0,0.0,0.0,0.0,0.0,0.0,0.0,0.0,0.0,0.0,0.0,0.0
96.0,225.0,2015.0,13189.0,439.0,0.0,0.0,0.0,0.0,0.0,0.0,0.0,0.0,0.0,0.0,0.0,1.0
97.0,265.0,2015.0,13212.0,54.0,0.4889842864085534,0.04859873643285274,0.4281548679734327,0.0013769641989308278,0.0,0.0,0.03288514498623036,0.0,0.0,0.0,0.0,0.0
98.0,267.0,2015.0,13212.0,186.0,0.4889842864085534,0.04859873643285274,0.4281548679734327,0.0013769641989308278,0.0,0.0,0.03288514498623036,0.0,0.0,0.0,0.0,0.0
99.0,19.0,2015.0,13216.0,212.0,0.4754286309865027,0.06503726093074157,0.45942988170305904,0.00010422637969670123,0.0,0.0,0.0,0.0,0.0,0.0,0.0,0.0
100.0,22.0,2015.0,13216.0,216.0,0.4754286309865027,0.06503726093074157,0.45942988170305904,0.00010422637969670123,0.0,0.0,0.0,0.0,0.0,0.0,0.0,0.0
101.0,23.0,2015.0,13222.0,403.0,0.0,0.0,0.0,0.0,0.0,0.0,0.0,0.0,0.0,0.0,0.0,0.0
102.0,125.0,2015.0,13223.0,192.0,0.5140149223633798,0.05747126436781609,0.42105263157894735,0.0,0.0,0.0,0.007461181689856826,0.0,0.0,0.0,0.0,0.0
103.0,142.0,2015.0,13226.0,49.0,0.43454067179279643,0.0839740995548361,0.3973087818696884,0.0006070416835289356,0.06515580736543909,0.0,0.0,0.018413597733711047,0.0,0.0,0.0,0.0
104.0,126.0,2015.0,14167.0,193.0,0.5607638888888888,0.09056712962962964,0.3472222222222222,0.0,0.0,0.0,0.0014467592592592592,0.0,0.0,0.0,0.0,0.0
105.0,101.0,2015.0,21784.0,36.0,0.44473007712082263,0.0,0.5552699228791774,0.0,0.0,0.0,0.0,0.0,0.0,0.0,0.0,0.0
106.0,247.0,2015.0,21842.0,521.0,0.0,0.0,0.0,0.0,0.0,0.0,0.0,0.0,0.0,0.0,0.0,0.0
107.0,128.0,2015.0,21849.0,478.0,0.47653989251756923,0.032658123191401406,0.458350558081852,0.0014468788755684168,0.0,0.0,0.03100454733360893,0.0,0.0,0.0,0.0,0.0
108.0,246.0,2015.0,21871.0,519.0,0.0,0.0,0.0,0.0,0.0,0.0,0.0,0.0,0.0,0.0,0.0,0.0
109.0,129.0,2015.0,22037.0,480.0,0.5022109917877448,0.07201516108654453,0.36007580543272266,0.027163613392293114,0.0,0.0006317119393556538,0.03790271636133923,0.0,0.0,0.0,0.0,0.0
110.0,152.0,2015.0,22171.0,442.0,0.43065529622980253,0.09964093357271095,0.40484739676840215,0.0004488330341113106,0.05745062836624776,0.0006732495511669659,0.0062836624775583485,0.0,0.0,0.0,0.0,0.0
111.0,88.0,2015.0,22211.0,610.0,0.4962962962962963,0.07407407407407407,0.42962962962962964,0.0,0.0,0.0,0.0,0.0,0.0,0.0,0.0,0.0
112.0,27.0,2015.0,22288.0,404.0,0.5316205533596838,0.04496047430830039,0.3942687747035573,0.023221343873517788,0.0,0.003952569169960474,0.001976284584980237,0.0,0.0,0.0,0.0,0.0
113.0,210.0,2015.0,22298.0,547.0,0.4202687388700016,0.09519184069936863,0.45253898872160164,0.002644217797204684,0.013382979871566563,5.3963628514381306e-05,0.0,0.0,0.015919270411742487,0.0,0.0,0.0
114.0,100.0,2015.0,22307.0,35.0,0.5044359949302915,0.045627376425855515,0.449936628643853,0.0,0.0,0.0,0.0,0.0,0.0,0.0,0.0,0.0
115.0,176.0,2015.0,22453.0,177.0,0.49142857142857144,0.001142857142857143,0.5074285714285715,0.0,0.0,0.0,0.0,0.0,0.0,0.0,0.0,0.0
116.0,198.0,2015.0,22549.0,166.0,0.32982480437642825,0.08811716640121875,0.40049165570251366,0.005643653486600651,0.10567135239941833,0.0003808600512429887,0.037255037739768716,0.0232670867668444,0.0010733328716847864,0.008275050204279481,0.0,0.0
117.0,175.0,2015.0,22560.0,174.0,0.4854785478547855,0.006600660066006601,0.5079207920792079,0.0,0.0,0.0,0.0,0.0,0.0,0.0,0.0,0.0
118.0,150.0,2015.0,22609.0,392.0,0.4514443458542837,0.1085477669328601,0.4131913635019225,0.003746426106674554,0.015478655230208025,0.0004929508035098097,0.0,0.0025633441782510107,0.0045351473922902496,0.0,0.0,0.0
119.0,151.0,2015.0,24399.0,441.0,0.4514443458542837,0.1085477669328601,0.4131913635019225,0.003746426106674554,0.015478655230208025,0.0004929508035098097,0.0,0.0025633441782510107,0.0045351473922902496,0.0,0.0,0.0
120.0,67.0,2015.0,22744.0,120.0,0.4713313896987366,0.03206997084548105,0.4859086491739553,0.0,0.0,0.0,0.010689990281827016,0.0,0.0,0.0,0.0,0.0
121.0,64.0,2015.0,22744.0,115.0,0.4713313896987366,0.03206997084548105,0.4859086491739553,0.0,0.0,0.0,0.010689990281827016,0.0,0.0,0.0,0.0,0.0
122.0,65.0,2015.0,24212.0,117.0,0.4713313896987366,0.03206997084548105,0.4859086491739553,0.0,0.0,0.0,0.010689990281827016,0.0,0.0,0.0,0.0,0.0
123.0,104.0,2015.0,23280.0,389.0,0.0,0.0,0.0,0.0,0.0,0.0,0.0,0.0,0.0,0.0,0.0,0.0
124.0,153.0,2015.0,23492.0,443.0,0.4359673024523161,0.1470833565033643,0.3830840238002558,0.005783239726408275,0.024411944614358003,0.000444864594339098,0.00038925652004671076,0.00283601178891175,0.0,0.0,0.0,0.0
125.0,98.0,2015.0,23506.0,102.0,0.4690792974986695,0.0746673762639702,0.4182543906333156,0.007078233102714209,0.00633315593400745,0.0010643959552953698,0.023097392229909527,0.0,0.0,0.0004257583821181479,0.0,0.0
126.0,244.0,2015.0,23510.0,446.0,0.4386125057051575,0.05750798722044728,0.47238703788224556,0.0,0.0314924691921497,0.0,0.0,0.0,0.0,0.0,0.0,0.0
127.0,248.0,2015.0,23510.0,522.0,0.4386125057051575,0.05750798722044728,0.47238703788224556,0.0,0.0314924691921497,0.0,0.0,0.0,0.0,0.0,0.0,0.0
128.0,68.0,2015.0,23534.0,128.0,0.5609756097560976,0.004878048780487805,0.43414634146341463,0.0,0.0,0.0,0.0,0.0,0.0,0.0,0.0,0.0
129.0,154.0,2015.0,23567.0,444.0,0.4367053620784964,0.050304035378662244,0.4925373134328358,0.003316749585406302,0.0,0.0,0.0,0.0,0.017136539524599224,0.0,0.0,0.0
130.0,197.0,2015.0,23576.0,165.0,0.5120481927710844,0.05421686746987952,0.43373493975903615,0.0,0.0,0.0,0.0,0.0,0.0,0.0,0.0,0.0
131.0,249.0,2015.0,23589.0,391.0,0.0,0.0,0.0,0.0,0.0,0.0,0.0,0.0,0.0,0.0,0.0,0.0
132.0,127.0,2015.0,23653.0,417.0,0.44273765481743604,0.10181759691169374,0.45214733794434614,0.001206369631655139,0.0,0.0,0.0005629724947723983,0.0,0.0015280682000965095,0.0,0.0,0.0
133.0,250.0,2015.0,23666.0,396.0,0.0,0.0,0.0,0.0,0.0,0.0,0.0,0.0,0.0,0.0,0.0,0.0
134.0,105.0,2015.0,23717.0,279.0,0.0,0.0,0.0,0.0,0.0,0.0,0.0,0.0,0.0,0.0,0.0,0.0
135.0,63.0,2015.0,23728.0,106.0,0.8333333333333334,0.0,0.16666666666666666,0.0,0.0,0.0,0.0,0.0,0.0,0.0,0.0,0.0
136.0,97.0,2015.0,23753.0,101.0,0.4190043357885389,0.09920075223319229,0.3914224520712532,0.0002611920806561145,0.03541764613696913,0.001044768322624458,0.026171446481742675,0.023507287259050307,0.00397011962597294,0.0,0.0,0.0
137.0,29.0,2015.0,23756.0,408.0,0.4886164623467601,0.03327495621716287,0.46935201401050786,0.0,0.008756567425569177,0.0,0.0,0.0,0.0,0.0,0.0,0.0
138.0,30.0,2015.0,23756.0,466.0,0.4886164623467601,0.03327495621716287,0.46935201401050786,0.0,0.008756567425569177,0.0,0.0,0.0,0.0,0.0,0.0,0.0
139.0,106.0,2015.0,23783.0,390.0,0.0,0.0,0.0,0.0,0.0,0.0,0.0,0.0,0.0,0.0,0.0,0.0
140.0,102.0,2015.0,23824.0,247.0,0.4598494353826851,0.09786700125470514,0.308030112923463,0.0037641154328732747,0.0,0.0,0.04203262233375157,0.0,0.08845671267252196,0.0,0.0,0.0
141.0,96.0,2015.0,23859.0,99.0,0.49138587144537466,0.04850204109873383,0.43430429668580917,0.0060541064138933095,0.0,8.648723448419014e-05,0.016501764339583478,0.0,0.0031654327821213587,0.0,0.0,0.0
142.0,254.0,2015.0,23863.0,401.0,0.0,0.0,0.0,0.0,0.0,0.0,0.0,0.0,0.0,0.0,0.0,0.0
143.0,255.0,2015.0,23863.0,402.0,0.0,0.0,0.0,0.0,0.0,0.0,0.0,0.0,0.0,0.0,0.0,0.0
144.0,251.0,2015.0,23863.0,398.0,0.0,0.0,0.0,0.0,0.0,0.0,0.0,0.0,0.0,0.0,0.0,0.0
145.0,253.0,2015.0,23863.0,400.0,0.0,0.0,0.0,0.0,0.0,0.0,0.0,0.0,0.0,0.0,0.0,0.0
146.0,262.0,2015.0,23865.0,386.0,0.3088514475557665,0.08870431893687708,0.43106312292358806,0.0008542952064546749,0.09992880873279544,7.119126720455624e-05,0.032819174181300426,0.03770764119601329,0.0,0.0,0.0,0.0
147.0,209.0,2015.0,23941.0,543.0,0.3557183557183557,0.08064422350136635,0.46531775103203676,0.002703645560788418,0.0685214256642828,0.0007122507122507123,0.0020640734926449214,0.0189836618408047,0.00533461247746962,0.0,0.0,0.0
148.0,200.0,2015.0,23972.0,171.0,0.3470934030045722,0.05983017635532332,0.4009144350097975,0.00907903331156107,0.07851077726975833,0.0022860875244937948,0.04435009797517962,0.026322664924885695,0.008687132593076421,0.0,0.022926192031352058,0.0
149.0,199.0,2015.0,23972.0,167.0,0.3470934030045722,0.05983017635532332,0.4009144350097975,0.00907903331156107,0.07851077726975833,0.0022860875244937948,0.04435009797517962,0.026322664924885695,0.008687132593076421,0.0,0.022926192031352058,0.0
150.0,89.0,2015.0,24023.0,621.0,0.40368821292775664,0.03688212927756654,0.4875665399239544,0.0,0.003193916349809886,0.0006083650190114068,0.04684410646387833,0.007376425855513308,0.0007984790874524715,0.0001520912547528517,0.012889733840304183,0.0
151.0,66.0,2015.0,24063.0,119.0,0.5294117647058824,0.0,0.47058823529411764,0.0,0.0,0.0,0.0,0.0,0.0,0.0,0.0,0.0
152.0,168.0,2015.0,24110.0,266.0,0.495781204538842,0.004946173988943846,0.44224614489380276,0.0,0.022694210066918824,0.0,0.03433226651149258,0.0,0.0,0.0,0.0,0.0
153.0,261.0,2015.0,24139.0,385.0,0.4839319470699433,0.014263619178553016,0.48599415707166177,0.0,0.0,0.0,0.015810276679841896,0.0,0.0,0.0,0.0,0.0
154.0,99.0,2015.0,24308.0,103.0,0.4603877957277391,0.10421292397213078,0.3929637853150601,0.0022394916162621543,0.011484572391087971,0.00022969144782175943,0.020892351274787536,0.007359696807288875,0.00022969144782175943,0.0,0.0,0.0
155.0,258.0,2015.0,24340.0,372.0,0.5068768869506877,0.056860114055686015,0.39592418651459244,0.0002515934250251593,0.0,0.005870513250587051,0.03421670580342167,0.0,0.0,0.0,0.0,0.0
156.0,257.0,2015.0,24340.0,256.0,0.5068768869506877,0.056860114055686015,0.39592418651459244,0.0002515934250251593,0.0,0.005870513250587051,0.03421670580342167,0.0,0.0,0.0,0.0,0.0
157.0,245.0,2015.0,24382.0,449.0,0.0,0.0,0.0,0.0,0.0,0.0,0.0,0.0,0.0,0.0,0.0,0.0
158.0,243.0,2015.0,24382.0,445.0,0.0,0.0,0.0,0.0,0.0,0.0,0.0,0.0,0.0,0.0,0.0,0.0
159.0,252.0,2015.0,24386.0,399.0,0.0,0.0,0.0,0.0,0.0,0.0,0.0,0.0,0.0,0.0,0.0,0.0
160.0,217.0,2015.0,24412.0,204.0,0.2844244631047039,0.1510737905922568,0.3661291521141413,0.0015976815040499369,0.12733150033439847,0.00029724307052091846,0.03734116073419039,0.03180500854573828,0.0,0.0,0.0,0.0
161.0,31.0,2015.0,24430.0,467.0,0.47619047619047616,0.0,0.5238095238095238,0.0,0.0,0.0,0.0,0.0,0.0,0.0,0.0,0.0
162.0,260.0,2015.0,24553.0,259.0,0.44387063119457487,0.039749608763693274,0.4474700052164841,0.0002608242044861763,0.0,0.00036515388628064686,0.037037037037037035,0.0,0.03124673969744392,0.0,0.0,0.0
